above	ऊपर	ಮೇಲೆ
add	जोड़ना	ಕೂಡಿಸು
air	हवा	ಗಾಳಿ
animal	जानवर	ಪ್ರಾಣಿ
answer	उत्तर	ಉತ್ತರ
area	क्षेत्रफल	ವಿಸ್ತೀರ್ಣ
arm	बाँह	ತೋಳು
ask	पूछना	ಕೇಳು
bag	थैला	ಚೀಲ
ball	गेंद	ಚೆಂಡು
bank	बैंक	ಬ್ಯಾಂಕ್
bed	बिस्तर	ಹಾಸಿಗೆ
bird	पक्षी	ಹಕ್ಕಿ
black	काला	ಕಪ್ಪು
blood	खून	ರಕ್ತ
blue	नीला	ನೀಲಿ
body	शरीर	ದೇಹ
boy	लड़का	ಹುಡುಗ
brain	दिमाग	ಮೆದುಳು
bread	रोटी	ರೊಟ್ಟಿ
bridge	पुल	ಸೇತುವೆ
brother	भाई	ಸಹೋದರ
build	बनाना	ಕಟ್ಟು
bus	बस	ಬಸ್ಸು
butterfly	तितली	ಚಿಟ್ಟೆ
buy	खरीदना	ಕೊಳ್ಳು
call	बुलाना	ಕರೆ
cat	बिल्ली	ಬೆಕ್ಕು
chair	कुर्सी	ಕುರ್ಚಿ
cheap	सस्ता	ಅಗ್ಗದ
child	बच्चा	ಮಗು
circle	वृत्त	ವೃತ್ತ
class	कक्षा	ತರಗತಿ
clean	साफ़	ಶುದ್ಧ
clock	घड़ी	ಗಡಿಯಾರ
close	बंद करना	ಮುಚ್ಚು
cloud	बादल	ಮೋಡ
cold	ठंडा	ಚಳಿ
colour	रंग	ಬಣ್ಣ
cook	पकाना	ಅಡುಗೆ ಮಾಡು
cow	गाय	ಹಸು
crop	फ़सल	ಬೆಳೆ
cry	रोना	ಅಳು
cup	प्याला	ಲೋಟ
dance	नाचना	ನೃತ್ಯ
dark	अंधेरा	ಕತ್ತಲೆ
daughter	बेटी	ಮಗಳು
day	दिन	ದಿನ
deep	गहरा	ಆಳವಾದ
dog	कुत्ता	ನಾಯಿ
door	दरवाज़ा	ಬಾಗಿಲು
draw	चित्र बनाना	ಚಿತ್ರ ಬರೆ
dream	सपना	ಕನಸು
drink	पीना	ಕುಡಿ
ear	कान	ಕಿವಿ
earth	पृथ्वी	ಭೂಮಿ
east	पूर्व	ಪೂರ್ವ
easy	आसान	ಸುಲಭ
egg	अंडा	ಮೊಟ್ಟೆ
elephant	हाथी	ಆನೆ
empty	खाली	ಖಾಲಿ
end	अंत	ಅಂತ್ಯ
eye	आँख	ಕಣ್ಣು
face	चेहरा	ಮುಖ
factory	कारखाना	ಕಾರ್ಖಾನೆ
fall	गिरना	ಬೀಳು
farmer	किसान	ರೈತ
fast	तेज़	ವೇಗ
father	पिता	ತಂದೆ
fear	डर	ಭಯ
feel	महसूस करना	ಅನಿಸು
field	खेत	ಹೊಲ
find	खोजना	ಹುಡುಕು
finger	उँगली	ಬೆರಳು
fire	आग	ಬೆಂಕಿ
fish	मछली	ಮೀನು
flag	झंडा	ಧ್ವಜ
floor	फ़र्श	ನೆಲ
flower	फूल	ಹೂವು
fly	उड़ना	ಹಾರು
food	भोजन	ಆಹಾರ
foot	पैर	ಪಾದ
forest	जंगल	ಕಾಡು
forget	भूलना	ಮರೆ
fruit	फल	ಹಣ್ಣು
garden	बगीचा	ತೋಟ
gas	गैस	ಅನಿಲ
gift	उपहार	ಉಡುಗೊರೆ
girl	लड़की	ಹುಡುಗಿ
give	देना	ಕೊಡು
glass	काँच	ಗಾಜು
go	जाना	ಹೋಗು
gold	सोना	ಚಿನ್ನ
good	अच्छा	ಒಳ್ಳೆಯ
government	सरकार	ಸರ್ಕಾರ
grain	अनाज	ಧಾನ್ಯ
grass	घास	ಹುಲ್ಲು
green	हरा	ಹಸಿರು
ground	ज़मीन	ನೆಲ
hair	बाल	ಕೂದಲು
hand	हाथ	ಕೈ
hard	कठिन	ಕಠಿಣ
head	सिर	ತಲೆ
hear	सुनना	ಕೇಳು
heart	दिल	ಹೃದಯ
heat	गर्मी	ಶಾಖ
heavy	भारी	ಭಾರವಾದ
hill	पहाड़ी	ಬೆಟ್ಟ
history	इतिहास	ಇತಿಹಾಸ
home	घर	ಮನೆ
horse	घोड़ा	ಕುದುರೆ
hospital	अस्पताल	ಆಸ್ಪತ್ರೆ
hot	गरम	ಬಿಸಿ
house	मकान	ಮನೆ
hunger	भूख	ಹಸಿವು
ice	बर्फ़	ಮಂಜುಗಡ್ಡೆ
idea	विचार	ಆಲೋಚನೆ
island	द्वीप	ದ್ವೀಪ
jump	कूदना	ಜಿಗಿ
key	चाबी	ಕೀಲಿ
king	राजा	ರಾಜ
kitchen	रसोई	ಅಡುಗೆಮನೆ
know	जानना	ತಿಳಿ
lake	झील	ಸರೋವರ
land	भूमि	ನೆಲ
language	भाषा	ಭಾಷೆ
laugh	हँसना	ನಗು
leaf	पत्ता	ಎಲೆ
leg	टाँग	ಕಾಲು
letter	पत्र	ಪತ್ರ
life	जीवन	ಜೀವನ
line	रेखा	ರೇಖೆ
lion	शेर	ಸಿಂಹ
live	रहना	ವಾಸಿಸು
long	लंबा	ಉದ್ದ
love	प्यार	ಪ್ರೀತಿ
machine	मशीन	ಯಂತ್ರ
man	आदमी	ಮನುಷ್ಯ
map	नक्शा	ನಕ್ಷೆ
meat	मांस	ಮಾಂಸ
medicine	दवा	ಔಷಧ
milk	दूध	ಹಾಲು
mirror	दर्पण	ಕನ್ನಡಿ
mother	माता	ತಾಯಿ
mountain	पर्वत	ಪರ್ವತ
mouth	मुँह	ಬಾಯಿ
music	संगीत	ಸಂಗೀತ
name	नाम	ಹೆಸರು
nation	राष्ट्र	ರಾಷ್ಟ್ರ
night	रात	ರಾತ್ರಿ
north	उत्तर	ಉತ್ತರ
nose	नाक	ಮೂಗು
number	संख्या	ಸಂಖ್ಯೆ
ocean	महासागर	ಸಾಗರ
open	खोलना	ತೆರೆ
paper	कागज़	ಕಾಗದ
parent	माता-पिता	ಪೋಷಕ
pen	कलम	ಲೇಖನಿ
pencil	पेंसिल	ಪೆನ್ಸಿಲ್
people	लोग	ಜನರು
picture	चित्र	ಚಿತ್ರ
plant	पौधा	ಸಸ್ಯ
poor	गरीब	ಬಡ
power	शक्ति	ಶಕ್ತಿ
queen	रानी	ರಾಣಿ
question	प्रश्न	ಪ್ರಶ್ನೆ
rain	बारिश	ಮಳೆ
red	लाल	ಕೆಂಪು
rice	चावल	ಅಕ್ಕಿ
rich	अमीर	ಶ್ರೀಮಂತ
road	सड़क	ರಸ್ತೆ
rock	चट्टान	ಬಂಡೆ
room	कमरा	ಕೋಣೆ
root	जड़	ಬೇರು
sand	रेत	ಮರಳು
sea	समुद्र	ಸಮುದ್ರ
season	मौसम	ಋತು
seed	बीज	ಬೀಜ
shop	दुकान	ಅಂಗಡಿ
sing	गाना	ಹಾಡು
sister	बहन	ಸಹೋದರಿ
sit	बैठना	ಕುಳಿತುಕೊ
sky	आसमान	ಆಕಾಶ
sleep	सोना	ನಿದ್ರೆ
snow	बर्फ़	ಹಿಮ
soil	मिट्टी	ಮಣ್ಣು
son	बेटा	ಮಗ
song	गीत	ಹಾಡು
sound	आवाज़	ಧ್ವನಿ
south	दक्षिण	ದಕ್ಷಿಣ
square	वर्ग	ಚೌಕ
star	तारा	ನಕ್ಷತ್ರ
stone	पत्थर	ಕಲ್ಲು
story	कहानी	ಕಥೆ
street	गली	ಬೀದಿ
student	विद्यार्थी	ವಿದ್ಯಾರ್ಥಿ
sugar	चीनी	ಸಕ್ಕರೆ
table	मेज़	ಮೇಜು
tall	ऊँचा	ಎತ್ತರ
tea	चाय	ಚಹಾ
temple	मंदिर	ದೇವಸ್ಥಾನ
thing	चीज़	ವಸ್ತು
time	समय	ಸಮಯ
tiger	बाघ	ಹುಲಿ
today	आज	ಇಂದು
tomorrow	कल	ನಾಳೆ
tooth	दाँत	ಹಲ್ಲು
town	कस्बा	ಪಟ್ಟಣ
train	रेलगाड़ी	ರೈಲು
travel	यात्रा	ಪ್ರಯಾಣ
triangle	त्रिभुज	ತ್ರಿಕೋನ
truth	सत्य	ಸತ್ಯ
valley	घाटी	ಕಣಿವೆ
vegetable	सब्ज़ी	ತರಕಾರಿ
voice	आवाज़	ಧ್ವನಿ
wall	दीवार	ಗೋಡೆ
war	युद्ध	ಯುದ್ಧ
wash	धोना	ತೊಳೆ
watch	देखना	ನೋಡು
weather	मौसम	ಹವಾಮಾನ
week	सप्ताह	ವಾರ
west	पश्चिम	ಪಶ್ಚಿಮ
wind	हवा	ಗಾಳಿ
window	खिड़की	ಕಿಟಕಿ
winter	सर्दी	ಚಳಿಗಾಲ
woman	महिला	ಮಹಿಳೆ
wood	लकड़ी	ಮರ
word	शब्द	ಪದ
work	काम	ಕೆಲಸ
world	दुनिया	ಜಗತ್ತು
year	वर्ष	ವರ್ಷ
yellow	पीला	ಹಳದಿ
young	जवान	ಯುವ
zero	शून्य	ಸೊನ್ನೆ
