-2600	india	history	Harappan (Indus Valley) cities such as Mohenjo-daro and Harappa flourish
-1500	india	history	Early Vedic period begins in northern India
-1000	india	history	Later Vedic period; iron begins to be used in the Ganga plains
-600	india	history	Sixteen Mahajanapadas; Gautama Buddha and Mahavira teach (6th c. BCE)
-518	india	history	Persian emperor Darius I conquers the Indus region
-326	india	history	Alexander defeats Porus at the Battle of the Hydaspes
-321	india	history	Chandragupta Maurya founds the Maurya Empire with Kautilya's help
-261	india	history	Kalinga war; Ashoka turns to Buddhism and dhamma
-185	india	history	Pushyamitra Shunga ends Maurya rule
-100	india	history	Sangam age in the Tamil country (c. 300 BCE to 300 CE)
78	india	history	Start of the Shaka era, India's national calendar era (c. 78 CE)
120	india	history	Kanishka's Kushana empire; Gandhara art and Mahayana Buddhism spread (c. 127 CE)
320	india	history	Chandragupta I founds the Gupta Empire
380	india	history	Chandragupta II (Vikramaditya) rules; Kalidasa's age
499	india	science	Aryabhata writes the Aryabhatiya, with zero as a place value and the Earth's rotation
505	india	science	Varahamihira completes the Pancha-Siddhantika on astronomy
606	india	history	Harshavardhana becomes king of Kannauj
629	india	history	Chinese pilgrim Xuanzang begins his journey to India
634	karnataka	history	Pulakeshin II of the Chalukyas of Badami defeats Harsha; Aihole inscription
753	karnataka	history	Rashtrakutas under Dantidurga overthrow the Badami Chalukyas
788	india	history	Adi Shankaracharya born (c. 788 CE) and revives Advaita Vedanta
1000	india	history	Mahmud of Ghazni raids the subcontinent; the Chola empire is at its height
1010	india	history	Rajaraja Chola completes the Brihadeeswarar temple at Thanjavur
1118	karnataka	history	Hoysala king Vishnuvardhana builds the Belur and later Halebidu temples
1137	karnataka	history	Basavanna, founder of the Lingayat/Veerashaiva movement, is born (c. 1131-1196)
1191	india	history	First Battle of Tarain; Prithviraj Chauhan defeats Muhammad Ghori
1192	india	history	Second Battle of Tarain; Ghori defeats Prithviraj Chauhan
1206	india	history	Qutb-ud-din Aibak founds the Delhi Sultanate (Slave dynasty)
1210	india	history	Qutub Minar construction begins in Delhi
1290	india	history	Khalji dynasty begins under Jalaluddin Khalji
1325	india	history	Muhammad bin Tughlaq becomes Sultan of Delhi
1336	karnataka	history	Harihara and Bukka found the Vijayanagara Empire on the Tungabhadra
1398	india	history	Timur invades India and sacks Delhi
1469	india	history	Guru Nanak born at Talwandi
1498	india	history	Vasco da Gama reaches Calicut by sea
1510	india	history	Portuguese capture Goa under Afonso de Albuquerque
1509	karnataka	history	Krishnadevaraya becomes emperor of Vijayanagara
1526	india	history	First Battle of Panipat; Babur founds the Mughal Empire
1527	india	history	Battle of Khanwa; Babur defeats Rana Sanga
1539	india	history	Sher Shah Suri defeats Humayun at Chausa and later founds the Suri empire
1556	india	history	Second Battle of Panipat; Akbar secures the Mughal throne
1565	karnataka	history	Battle of Talikota; Vijayanagara is defeated by the Deccan sultanates
1576	india	history	Battle of Haldighati; Rana Pratap resists Akbar
1600	india	history	English East India Company chartered on 31 December
1627	india	history	Shivaji born at Shivneri fort
1631	india	history	Mumtaz Mahal dies; the Taj Mahal is begun by Shah Jahan
1674	india	history	Shivaji crowned Chhatrapati at Raigad
1707	india	history	Aurangzeb dies; the Mughal empire starts to decline
1739	india	history	Nadir Shah invades Delhi and takes the Peacock Throne
1757	india	history	Battle of Plassey; British East India Company gains Bengal
1761	india	history	Third Battle of Panipat; Marathas defeated by Ahmad Shah Abdali
1764	india	history	Battle of Buxar
1767	karnataka	history	First Anglo-Mysore War begins under Haidar Ali
1782	karnataka	history	Tipu Sultan becomes ruler of Mysore after Haidar Ali's death
1799	karnataka	history	Tipu Sultan dies defending Srirangapatna (4 May); Mysore passes to the Wodeyars
1818	india	history	Third Anglo-Maratha War ends; Peshwa rule ends
1824	karnataka	history	Rani Chennamma of Kittur leads a revolt against the British
1829	india	history	Sati abolished by Lord William Bentinck with Raja Ram Mohan Roy's support
1835	india	history	Macaulay's Minute on education introduces English in schools
1853	india	history	First train runs from Bombay to Thane (16 April)
1857	india	history	Revolt of 1857 begins at Meerut on 10 May
1858	india	history	Government of India Act: the Crown takes over from the East India Company
1861	india	history	Rabindranath Tagore born (7 May)
1869	india	history	Mohandas Karamchand Gandhi born at Porbandar (2 October)
1885	india	history	Indian National Congress founded (28 December)
1893	india	history	Swami Vivekananda speaks at the Parliament of the World's Religions, Chicago (11 September)
1905	india	history	Partition of Bengal (16 October); Swadeshi movement begins
1906	india	history	All-India Muslim League founded (30 December)
1911	india	history	Delhi Durbar; capital shifted from Calcutta to Delhi
1915	india	history	Gandhiji returns to India from South Africa (9 January)
1916	india	history	Lucknow Pact between the Congress and the Muslim League
1919	india	history	Jallianwala Bagh massacre at Amritsar (13 April)
1920	india	history	Non-Cooperation Movement begins (1 August)
1922	india	history	Chauri Chaura incident; Gandhiji suspends Non-Cooperation (5 February)
1927	india	history	Simon Commission appointed; boycott follows
1928	india	history	Lala Lajpat Rai dies after a lathi charge (17 November)
1929	india	history	Lahore Congress demands Purna Swaraj (December)
1930	india	history	Dandi March / Salt Satyagraha (12 March to 6 April)
1931	india	history	Gandhi-Irwin Pact; Bhagat Singh, Sukhdev and Rajguru hanged (23 March)
1935	india	history	Government of India Act, 1935
1942	india	history	Quit India Movement launched (8 August)
1943	india	history	Subhas Chandra Bose forms the Provisional Government of Free India (21 October)
1946	india	history	Cabinet Mission; Constituent Assembly meets (9 December)
1947	india	history	India becomes independent (15 August); Partition of the subcontinent
1948	india	history	Mahatma Gandhi assassinated (30 January)
1949	india	history	Constituent Assembly adopts the Constitution (26 November)
1950	india	history	Constitution of India comes into force (26 January); India becomes a republic
1951	india	history	First Five-Year Plan begins; first general election in 1951-52
1953	karnataka	history	Andhra State formed; demand for linguistic states grows
1956	india	history	States Reorganisation Act: states formed on linguistic lines (1 November); Mysore State enlarged
1961	india	history	Goa, Daman and Diu liberated from Portugal (19 December)
1962	india	history	India-China war
1965	india	history	India-Pakistan war
1969	india	science	ISRO founded (15 August)
1971	india	history	Bangladesh Liberation War; Bangladesh is born (16 December)
1973	karnataka	history	Mysore State renamed Karnataka (1 November)
1974	india	science	India's first nuclear test at Pokhran (18 May)
1975	india	science	Aryabhata, India's first satellite, launched (19 April)
1983	india	history	India win the Cricket World Cup at Lord's (25 June)
1984	india	science	Rakesh Sharma becomes the first Indian in space (3 April)
1991	india	history	Economic liberalisation begins under P. V. Narasimha Rao
1998	india	science	Pokhran-II nuclear tests (11 May)
2005	india	history	Right to Information Act passed (15 June)
2008	india	science	Chandrayaan-1 launched (22 October); finds water molecules on the Moon
2009	india	history	Right to Education Act passed (26 August)
2013	india	science	Mangalyaan (Mars Orbiter Mission) launched (5 November)
2014	india	science	Mangalyaan enters Mars orbit on its first try (24 September)
2017	india	science	ISRO launches 104 satellites on one rocket (15 February)
2019	india	science	Chandrayaan-2 launched (22 July)
2023	india	science	Chandrayaan-3 lands near the Moon's south pole (23 August)
-3000	world	history	Writing begins in Sumer (cuneiform) and Egypt (hieroglyphs)
-2560	world	history	Great Pyramid of Giza built for Pharaoh Khufu
-1754	world	history	Code of Hammurabi written in Babylon
-776	world	history	First recorded ancient Olympic Games in Greece
-753	world	history	Traditional founding of Rome
-509	world	history	Roman Republic established
-490	world	history	Battle of Marathon: Athens defeats Persia
-331	world	history	Alexander the Great defeats Darius III at Gaugamela
-221	world	history	Qin Shi Huang unifies China
-44	world	history	Julius Caesar assassinated (15 March)
-27	world	history	Augustus becomes the first Roman emperor
476	world	history	Fall of the Western Roman Empire
570	world	history	Prophet Muhammad born at Mecca (c. 570)
622	world	history	The Hijra; start of the Islamic calendar
800	world	history	Charlemagne crowned Emperor in Rome (25 December)
1066	world	history	Norman Conquest: Battle of Hastings (14 October)
1215	world	history	Magna Carta sealed (15 June)
1347	world	history	The Black Death reaches Europe
1453	world	history	Fall of Constantinople to the Ottomans (29 May)
1492	world	history	Columbus reaches the Americas (12 October)
1517	world	history	Martin Luther begins the Reformation (31 October)
1522	world	history	Magellan's expedition completes the first circumnavigation
1588	world	history	Spanish Armada defeated
1688	world	history	Glorious Revolution in England
1776	world	history	American Declaration of Independence (4 July)
1789	world	history	French Revolution begins; storming of the Bastille (14 July)
1815	world	history	Battle of Waterloo (18 June)
1861	world	history	American Civil War begins (12 April)
1863	world	history	Lincoln's Emancipation Proclamation (1 January)
1914	world	history	First World War begins (28 July)
1917	world	history	Russian Revolution (7 November)
1918	world	history	First World War ends (11 November)
1929	world	history	Wall Street Crash begins the Great Depression (24 October)
1939	world	history	Second World War begins (1 September)
1945	world	history	Atomic bombs on Hiroshima and Nagasaki; Second World War ends; United Nations founded (24 October)
1948	world	history	Universal Declaration of Human Rights adopted (10 December)
1963	world	history	Martin Luther King Jr. gives his "I have a dream" speech (28 August)
1989	world	history	Fall of the Berlin Wall (9 November)
1991	world	history	Dissolution of the Soviet Union (26 December)
1994	world	history	Nelson Mandela becomes President of South Africa (10 May)
-250	world	science	Archimedes discovers the principle of buoyancy (c. 250 BCE)
-240	world	science	Eratosthenes measures the Earth's circumference
150	world	science	Ptolemy writes the Almagest
830	world	science	Al-Khwarizmi writes the book that gives algebra its name (c. 820)
1000	world	science	Ibn al-Haytham writes the Book of Optics (c. 1011)
1440	world	science	Gutenberg builds the printing press (c. 1440)
1543	world	science	Copernicus publishes On the Revolutions; Vesalius publishes his anatomy of the human body
1590	world	science	First compound microscope built in the Netherlands (c. 1590)
1609	world	science	Galileo points his telescope at the sky; Kepler publishes his first two laws
1628	world	science	William Harvey describes blood circulation
1665	world	science	Robert Hooke names the "cell" in Micrographia
1687	world	science	Isaac Newton publishes the Principia (5 July)
1735	world	science	Linnaeus publishes Systema Naturae, classifying living things
1752	world	science	Benjamin Franklin shows lightning is electrical (June)
1774	world	science	Priestley isolates oxygen (1 August)
1796	world	science	Edward Jenner gives the first smallpox vaccine (14 May)
1800	world	science	Alessandro Volta invents the battery
1831	world	science	Michael Faraday discovers electromagnetic induction
1859	world	science	Darwin publishes On the Origin of Species (24 November)
1865	world	science	Gregor Mendel presents his laws of heredity
1869	world	science	Mendeleev publishes the periodic table (6 March)
1876	world	science	Alexander Graham Bell patents the telephone (7 March)
1879	world	science	Thomas Edison demonstrates a practical electric lamp (October)
1895	world	science	Rontgen discovers X-rays (8 November)
1897	world	science	J. J. Thomson discovers the electron
1898	world	science	Marie and Pierre Curie discover polonium and radium
1900	world	science	Max Planck introduces the quantum idea
1905	world	science	Einstein's miracle year: special relativity, E = mc^2, photoelectric effect
1909	world	science	Bakelite, the first plastic, is made
1911	world	science	Rutherford proposes the nucleus of the atom
1915	world	science	Einstein publishes general relativity (November)
1928	world	science	Alexander Fleming notices penicillin (September)
1928	india	science	C. V. Raman discovers the Raman effect (28 February)
1932	world	science	James Chadwick discovers the neutron
1953	world	science	Watson and Crick describe the DNA double helix (28 February)
1957	world	science	Sputnik 1 launched (4 October)
1961	world	science	Yuri Gagarin is the first human in space (12 April)
1969	world	science	Apollo 11: Neil Armstrong walks on the Moon (20 July)
1971	world	science	First microprocessor, the Intel 4004
1990	world	science	Hubble Space Telescope launched (24 April)
1991	world	science	Tim Berners-Lee puts the first website online (6 August)
1997	world	science	Dolly the sheep, the first cloned mammal, announced (22 February)
2003	world	science	Human Genome Project completed (April)
2012	world	science	Higgs boson discovery announced at CERN (4 July)
2015	world	science	LIGO detects gravitational waves (14 September)
